-- For player table:

INSERT INTO Player (PlayerID, Name, Age, Nationality, TeamName, Role, BattingAverage, BattingStrikeRate, BowlingAverage, BowlingEconomy, No_Of_Wickets, No_Of_100s, No_Of_50s) VALUES (101, 'Virat Kohli', 30, 'Indian', 'Royal Challengers Bangalore', 'Batsman', 41.33, 141.46, 0.00, 0.00, 0, 0, 4);

INSERT INTO Player (PlayerID, Name, Age, Nationality, TeamName, Role, BattingAverage, BattingStrikeRate, BowlingAverage, BowlingEconomy, No_Of_Wickets, No_Of_100s, No_Of_50s) VALUES (102, 'Jasprit Bumrah', 25, 'Indian', 'Mumbai Indians', 'Bowler', 0.00, 0.00, 19.24, 6.63, 19, 0, 0);

INSERT INTO Player (PlayerID, Name, Age, Nationality, TeamName, Role, BattingAverage, BattingStrikeRate, BowlingAverage, BowlingEconomy, No_Of_Wickets, No_Of_100s, No_Of_50s) VALUES (103, 'Andre Russell', 30, 'West Indian', 'Kolkata Knight Riders', 'All-Rounder', 56.66, 204.81, 26.09, 9.51, 11, 0, 4);

INSERT INTO Player (PlayerID, Name, Age, Nationality, TeamName, Role, BattingAverage, BattingStrikeRate, BowlingAverage, BowlingEconomy, No_Of_Wickets, No_Of_100s, No_Of_50s) VALUES (104, 'Rashid Khan', 20, 'Afghan', 'Sunrisers Hyderabad', 'Bowler', 7.66, 138.18, 21.65, 6.28, 17, 0, 0);

INSERT INTO Player (PlayerID, Name, Age, Nationality, TeamName, Role, BattingAverage, BattingStrikeRate, BowlingAverage, BowlingEconomy, No_Of_Wickets, No_Of_100s, No_Of_50s) VALUES (105, 'MS Dhoni', 37, 'Indian', 'Chennai Super Kings', 'Wicket-Keeper', 83.20, 134.62, 0.00, 0.00, 0, 0, 3);

INSERT INTO Player (PlayerID, Name, Age, Nationality, TeamName, Role, BattingAverage, BattingStrikeRate, BowlingAverage, BowlingEconomy, No_Of_Wickets, No_Of_100s, No_Of_50s) VALUES (106, 'David Warner', 32, 'Australian', 'Sunrisers Hyderabad', 'Batsman', 69.20, 143.86, 17.63, 6.35, 1, 1, 8);

INSERT INTO Player (PlayerID, Name, Age, Nationality, TeamName, Role, BattingAverage, BattingStrikeRate, BowlingAverage, BowlingEconomy, No_Of_Wickets, No_Of_100s, No_Of_50s) VALUES (107, 'Hardik Pandya', 25, 'Indian', 'Mumbai Indians', 'All-Rounder', 29.57, 191.42, 27.85, 9.17, 14, 0, 1);

INSERT INTO Player (PlayerID, Name, Age, Nationality, TeamName, Role, BattingAverage, BattingStrikeRate, BowlingAverage, BowlingEconomy, No_Of_Wickets, No_Of_100s, No_Of_50s) VALUES (108, 'Shikhar Dhawan', 33, 'Indian', 'Delhi Capitals', 'Batsman', 34.25, 135.67, 0.00, 0.00, 0, 0, 5);

INSERT INTO Player (PlayerID, Name, Age, Nationality, TeamName, Role, BattingAverage, BattingStrikeRate, BowlingAverage, BowlingEconomy, No_Of_Wickets, No_Of_100s, No_Of_50s) VALUES (109, 'Kagiso Rabada', 23, 'South African', 'Delhi Capitals', 'Bowler', 0.00, 0.00, 14.72, 7.82, 25, 0, 0);

INSERT INTO Player (PlayerID, Name, Age, Nationality, TeamName, Role, BattingAverage, BattingStrikeRate, BowlingAverage, BowlingEconomy, No_Of_Wickets, No_Of_100s, No_Of_50s) VALUES (110, 'AB de Villiers', 35, 'South African', 'Royal Challengers Bangalore', 'Wicket-Keeper', 44.20, 154.00, 0.00, 0.00, 0, 0, 5);

INSERT INTO Player (PlayerID, Name, Age, Nationality, TeamName, Role, BattingAverage, BattingStrikeRate, BowlingAverage, BowlingEconomy, No_Of_Wickets, No_Of_100s, No_Of_50s)
VALUES
  (111, 'Imran Tahir', 40, 'South Africa', 'Chennai Super Kings', 'Bowler', 0.00, 0.00, 19.00, 6.69, 26, 0, 0),
  (112, 'Suresh Raina', 32, 'India', 'Chennai Super Kings', 'Batsman', 33.33, 130.06, 0.00, 0.00, 0, 0, 2),
  (113, 'Kumar Sangakkara', 41, 'Sri Lanka', 'Gujarat Titans', 'Wicket-Keeper', 13.50, 112.50, 0.00, 0.00, 0, 0, 0),
  (114, 'Shreyas Iyer', 24, 'India', 'Delhi Capitals', 'Batsman', 30.23, 119.62, 0.00, 0.00, 0, 0, 3),
  (115, 'Kane Williamson', 28, 'New Zealand', 'Sunrisers Hyderabad', 'Batsman', 57.33, 142.44, 0.00, 0.00, 0, 2, 1);

INSERT INTO Player (PlayerID, Name, Age, Nationality, TeamName, Role, BattingAverage, BattingStrikeRate, BowlingAverage, BowlingEconomy, No_Of_Wickets, No_Of_100s, No_Of_50s)
VALUES
(116, 'Quinton de Kock', 26, 'South Africa', 'Mumbai Indians', 'Wicket-Keeper', 28.00, 139.49, 0.00, 0.00, 0, 1, 7),
(117, 'Kuldeep Yadav', 24, 'India', 'Kolkata Knight Riders', 'Bowler', 5.67, 47.37, 20.16, 8.66, 4, 0, 0),
(118, 'Ravichandran Ashwin', 32, 'India', 'Kings XI Punjab', 'All-Rounder', 7.87, 132.55, 28.22, 7.69, 15, 0, 0),
(119, 'Mohammed Shami', 28, 'India', 'Kings XI Punjab', 'Bowler', 0.00, 0.00, 36.62, 8.57, 19, 0, 0),
(120, 'Robin Uthappa', 33, 'India', 'Kolkata Knight Riders', 'Batsman', 25.62, 127.32, 0.00, 0.00, 0, 0, 16),
(121, 'Bhuvneshwar Kumar', 29, 'India', 'Sunrisers Hyderabad', 'Bowler', 0.00, 0.00, 33.40, 7.81, 13, 0, 0),
(122, 'Adam Gilchrist', 47, 'Australia', 'Gujarat Titans', 'Wicket-Keeper', 27.90, 138.39, 0.00, 0.00, 0, 1, 3),
(123, 'Pragyan Ojha', 33, 'India', 'Gujarat Titans', 'Bowler', 0.00, 0.00, 30.57, 7.71, 9, 0, 0);

INSERT INTO Player (PlayerID, Name, Age, Nationality, TeamName, Role, BattingAverage, BattingStrikeRate, BowlingAverage, BowlingEconomy, No_Of_Wickets, No_Of_100s, No_Of_50s)
VALUES
(124, 'Sanju Samson', 25, 'India', 'Rajasthan Royals', 'Batsman', 32.41, 130.29, 00.00, 00.00, 0, 2, 15),
(125, 'KL Rahul', 26, 'India', 'Kings XI Punjab', 'Batsman', 53.90, 135.38, 00.00, 00.00, 0, 1, 6),
(126, 'Shreyas Gopal', 25, 'India', 'Rajasthan Royals', 'Bowler', 21.76, 103.08, 20.22, 8.22, 20, 0, 0),
(127, 'Yuzvendra Chahal', 28, 'India', 'Royal Challengers Bangalore', 'Bowler', 15.84, 125.29, 23.33, 7.83, 18, 0, 0),
(128, 'Rohit Sharma', 34, 'India', 'Mumbai Indians', 'Batsman', 28.78, 133.78, 00.00, 00.00, 0, 0, 2),
(129, 'Deepak Chahar', 28, 'India', 'Chennai Super Kings', 'Bowler', 00.00, 00.00, 19.23, 7.21, 21, 0, 0);


-- For team table:

INSERT INTO Team (TeamName, Captain, Coach, No_Of_Wins, Home_Ground, Most_Runs, Most_Wickets) VALUES ('Chennai Super Kings', 'MS Dhoni', 'Stephen Fleming', 9, 'M. A. Chidambaram Stadium', 'Suresh Raina', 'Imran Tahir');

INSERT INTO Team (TeamName, Captain, Coach, No_Of_Wins, Home_Ground, Most_Runs, Most_Wickets) VALUES ('Mumbai Indians', 'Rohit Sharma', 'Mahela Jayawardene', 11, 'Wankhede Stadium', 'Quinton de Kock', 'Jasprit Bumrah');

INSERT INTO Team (TeamName, Captain, Coach, No_Of_Wins, Home_Ground, Most_Runs, Most_Wickets) VALUES ('Delhi Capitals', 'Shreyas Iyer', 'Ricky Ponting', 9, 'Arun Jaitley Stadium', 'Shikhar Dhawan', 'Kagiso Rabada');

INSERT INTO Team (TeamName, Captain, Coach, No_Of_Wins, Home_Ground, Most_Runs, Most_Wickets) VALUES ('Kolkata Knight Riders', 'Dinesh Karthik', 'Jacques Kallis', 7, 'Eden Gardens', 'Andre Russell', 'Kuldeep Yadav');

INSERT INTO Team (TeamName, Captain, Coach, No_Of_Wins, Home_Ground, Most_Runs, Most_Wickets) VALUES ('Kings XI Punjab', 'Ravichandran Ashwin', 'Mike Hesson', 6, 'Punjab Cricket Association Stadium', 'KL Rahul', 'Mohammed Shami');

INSERT INTO Team(TeamName, Captain, Coach, No_Of_Wins, Home_Ground, Most_Runs, Most_Wickets) VALUES ('Royal Challengers Bangalore', 'Virat Kohli', 'Gary Kirsten', 5, 'M. Chinnaswamy Stadium', 'AB de Villiers', 'Yuzvendra Chahal');

INSERT INTO Team (TeamName, Captain, Coach, No_Of_Wins, Home_Ground, Most_Runs, Most_Wickets) VALUES ('Rajasthan Royals', 'Sanju Samson', 'Paddy Upton', 5, 'Sawai Mansingh Stadium', 'Sanju Samson', 'Shreyas Gopal');

INSERT INTO Team (TeamName, Captain, Coach, No_Of_Wins, Home_Ground, Most_Runs, Most_Wickets) VALUES ('Sunrisers Hyderabad', 'Kane Williamson', 'Tom Moody', 6, 'Rajiv Gandhi International Cricket Stadium', 'David Warner', 'Rashid Khan');

INSERT INTO Team (TeamName, Captain, Coach, No_Of_Wins, Home_Ground, Most_Runs, Most_Wickets) VALUES ('Pune Warriors India', 'Angelo Mathews', 'Geoff Marsh', 3, 'Maharashtra Cricket Association Stadium', 'Robin Uthappa', 'Bhuvneshwar Kumar');

INSERT INTO Team (TeamName, Captain, Coach, No_Of_Wins, Home_Ground, Most_Runs, Most_Wickets) VALUES ('Gujarat Titans', 'Kumar Sangakkara', 'Darren Lehmann', 6, 'Narendra Modi International Stadium', 'Adam Gilchrist', 'Pragyan Ojha');


-- For matches table:

INSERT INTO Matches (MatchNo, MatchDate, GroundLocation, AwayTeamName, MatchWinner, ManOfTheMatch) VALUES
(1, '2019-03-31', 'M. A. Chidambaram Stadium', 'Mumbai Indians', 'Mumbai Indians', 'Rohit Sharma'),
(2, '2019-04-01', 'M. Chinnaswamy Stadium', 'Kolkata Knight Riders', 'Royal Challengers Bangalore', 'Virat Kohli'),
(3, '2019-04-01', 'Rajiv Gandhi International Cricket Stadium', 'Delhi Capitals', 'Delhi Capitals', 'Kagiso Rabada'),
(4, '2019-04-02', 'Sawai Mansingh Stadium', 'Chennai Super Kings', 'Chennai Super Kings', 'MS Dhoni'),
(5, '2019-04-02', 'Eden Gardens', 'Rajasthan Royals', 'Kolkata Knight Riders', 'Andre Russell'),
(6, '2019-04-03', 'M. A. Chidambaram Stadium', 'Royal Challengers Bangalore', 'Chennai Super Kings', 'Imran Tahir'),
(7, '2019-04-04', 'Wankhede Stadium', 'Kings XI Punjab', 'Mumbai Indians', 'Hardik Pandya'),
(8, '2019-04-05', 'Rajiv Gandhi International Cricket Stadium', 'Gujarat Titans', 'Sunrisers Hyderabad', 'Rashid Khan'),
(9, '2019-04-06', 'Arun Jaitley Stadium', 'Chennai Super Kings', 'Chennai Super Kings', 'Suresh Raina'),
(10, '2019-04-07', 'M. Chinnaswamy Stadium', 'Sunrisers Hyderabad', 'Royal Challengers Bangalore', 'AB de Villiers');

-- For Match Officials Table:

INSERT INTO MatchOfficials (MatchNo, MatchReferee, MatchScorer, CheifSecurityOfficer, CheifGroundCurator, Umpire1, Umpire2, Umpire3)
VALUES
(1, 'David Boon', 'John Doe', 'Kumar Sharma', 'Robert Taylor', 'Anil Chaudhary', 'Richard Illingworth', 'Nitin Menon'),
(2, 'Ranjan Madugalle', 'Jane Smith', 'Sanjay Patel', 'Peter Williams', 'C. Shamshuddin', 'Rod Tucker', 'Joel Wilson'),
(3, 'Chris Broad', 'James Johnson', 'Preeti Singh', 'Michael Smith', 'S. Ravi', 'Marais Erasmus', 'Nigel Llong'),
(4, 'Javagal Srinath', 'Megan Brown', 'Vinod Kumar', 'David Jones', 'Anil Dandekar', 'Chris Gaffaney', 'Aleem Dar'),
(5, 'Roshan Mahanama', 'Karen Wilson', 'Rajesh Singh', 'Graeme Jones', 'Vineet Kulkarni', 'Kumar Dharmasena', 'Paul Reiffel'),
(6, 'Andy Pycroft', 'Mary Johnson', 'Pravin Patel', 'James Davis', 'C. Nandan', 'Bruce Oxenford', 'Richard Kettleborough'),
(7, 'Jeff Crowe', 'Adam Jones', 'Sandeep Kumar', 'Peter Thompson', 'Ulhas Gandhe', 'Ian Gould', 'Kathy Cross'),
(8, 'Adrian Griffith', 'Laura Smith', 'Anjali Gupta', 'Mark Williams', 'Nitin Menon', 'Richard Illingworth', 'Rod Tucker'),
(9, 'Ranjan Madugalle', 'Matthew Brown', 'Sunil Verma', 'Michael Taylor', 'Anil Chaudhary', 'Joel Wilson', 'Nigel Llong'),
(10, 'David Boon', 'Emma Jones', 'Ashok Patel', 'Andrew Taylor', 'C. Shamshuddin', 'Nitin Menon', 'Marais Erasmus');


-- For Home Team Batting Stats Table:

INSERT INTO HomeTeamBattingStats (MatchNo, PlayerID, InAtPosition, RunsScored, StrikeRate, No_Of_4s, No_Of_6s)
VALUES
(1, 105, 6, 49, 171.00, 4, 3),
(2, 101, 2, 42, 133.12, 6, 1),
(4, 124, 1, 78, 150.00, 9, 3),
(3, 106, 1, 32, 106.67, 5, 0),
(9, 114, 4, 66, 131.22, 5, 2),
(10, 110, 4, 64, 178.50, 5, 6),
(7, 107, 6, 91, 212.00, 6, 10),
(8, 106, 2, 38, 134.51, 7, 0),
(5, 120, 1, 42, 139.33, 4, 1),
(6, 112, 4, 87, 348.00, 4, 8);

-- For Away Team Batting Stats Table:

INSERT INTO AwayTeamBattingStats (MatchNo, PlayerID, InAtPosition, RunsScored, StrikeRate, No_Of_4s, No_Of_6s)
VALUES
(1, 116, 1, 69, 151.00, 4, 4),
(2, 103, 6, 52, 166.12, 5, 4),
(4, 105, 7, 23, 181.00, 1, 2),
(3, 114, 4, 61, 136.67, 7, 1),
(9, 112, 3, 36, 131.22, 4, 2),
(10, 106, 1, 74, 158.50, 4, 5),
(7, 125, 2, 41, 129.00, 6, 0),
(8, 105, 6, 79, 164.51, 3, 6),
(5, 124, 3, 62, 149.33, 3, 3),
(6, 101, 2, 17, 118.00, 2, 0);


-- For Home Team Bowling Stats Table:

INSERT INTO HomeTeamBowlingStats (MatchNo, PlayerID, BowlingType, OversBowled, WicketsTaken, EconomyRate)
VALUES
(1, 129, 'Pace', 4, 3, 7.21),
(2, 127, 'Spin', 3, 2, 9.21),
(3, 104, 'Spin', 4, 4, 6.05),
(4, 126, 'Spin', 3, 0, 9.33),
(5, 117, 'Spin', 4, 1, 9.74),
(6, 129, 'Pace', 4, 1, 7.98),
(7, 102, 'Pace', 4, 2, 7.29),
(8, 121, 'Pace', 4, 2, 8.54),
(9, 109, 'Pace', 3, 3, 7.56),
(10, 127, 'Spin', 4, 1, 6.84);

-- For Away Team Bowling Stats Table:

INSERT INTO AwayTeamBowlingStats (MatchNo, PlayerID, BowlingType, OversBowled, WicketsTaken, EconomyRate)
VALUES
(1, 102, 'Pace', 4, 1, 7.09),
(2, 117, 'Spin', 4, 0, 11.12),
(3, 104, 'Spin', 4, 4, 6.05),
(4, 129, 'Pace', 3, 1, 8.17),
(5, 126, 'Spin', 4, 0, 6.66),
(6, 127, 'Spin', 4, 1, 7.43),
(7, 119, 'Pace', 4, 1, 8.99),
(8, 123, 'Spin', 4, 0, 8.74),
(9, 129, 'Pace', 4, 2, 7.69),
(10, 127, 'Spin', 4, 1, 7.47);